﻿Designator,Footprint,Quantity,Value,LCSC Part #
"C101, C102, C103, C104, C109",0603,5,0.1uF,
C105,0603,1,4.7uF,
"C106, C107",0603,2,22pF,
C108,0603,1,1uF,
"D101, D102, D103, D104, D105, D106, D107, D108, D109, D110, D111, D112, D113, D114, D115, D116, D117, D118, D119, D120, D121, D122, D123, D124, D125, D126, D127, D128",0603,28,D,
"D129, D130",0603,2,GREEN,
"H105, H106, H107, H108",MountingHole_2.2mm_M2_Pad_TopBottom,4,MountingHole_Pad,
J101,USB_C_Receptacle_GCT_USB4105-xx-A_16P_TopMnt_Horizontal,1,USB_C_2.0,
"R101, R102",0603,2,10k,
"R103, R107",0603,2,1k,
"R104, R105",0603,2,5.1k,
"R106, R108",0603,2,22,
S101,SW_Push_1P1T_NO_6x6mm_H9.5mm,1,reset_sw,
SW101,SW_Cherry_MX_1.00u_PCB,1,ESC,
SW102,SW_Cherry_MX_1.00u_PCB,1,1,
SW103,SW_Cherry_MX_1.00u_PCB,1,2,
SW104,SW_Cherry_MX_1.00u_PCB,1,3,
SW105,SW_Cherry_MX_1.00u_PCB,1,4,
SW106,SW_Cherry_MX_1.00u_PCB,1,5,
SW107,SW_Cherry_MX_1.00u_PCB,1,WIN,
SW108,SW_Cherry_MX_1.00u_PCB,1,TAB,
SW109,SW_Cherry_MX_1.00u_PCB,1,Q,
SW110,SW_Cherry_MX_1.00u_PCB,1,W,
SW111,SW_Cherry_MX_1.00u_PCB,1,E,
SW112,SW_Cherry_MX_1.00u_PCB,1,R,
SW113,SW_Cherry_MX_1.00u_PCB,1,T,
SW114,SW_Cherry_MX_1.00u_PCB,1,FN,
SW115,SW_Cherry_MX_1.00u_PCB,1,CTRL,
SW116,SW_Cherry_MX_1.00u_PCB,1,A,
SW117,SW_Cherry_MX_1.00u_PCB,1,S,
SW118,SW_Cherry_MX_1.00u_PCB,1,D,
SW119,SW_Cherry_MX_1.00u_PCB,1,F,
SW120,SW_Cherry_MX_1.00u_PCB,1,G,
SW121,SW_Cherry_MX_1.00u_PCB,1,SPACE,
SW122,SW_Cherry_MX_1.00u_PCB,1,SHIFT,
SW123,SW_Cherry_MX_1.00u_PCB,1,Z,
SW124,SW_Cherry_MX_1.00u_PCB,1,X,
SW125,SW_Cherry_MX_1.00u_PCB,1,C,
SW126,SW_Cherry_MX_1.00u_PCB,1,V,
SW127,SW_Cherry_MX_1.00u_PCB,1,B,
SW128,SW_Cherry_MX_1.00u_PCB,1,ENTER,
U101,TQFP-44_10x10mm_P0.8mm,1,ATmega32U4,
Y101,Crystal_SMD_Abracon_ABM8G-4Pin_3.2x2.5mm,1,16 MHz,
